"""同萌协会up""",1409702742,"""蓝蓝蓝^ 乄""",1,1
"""伞兵三白""",1379243255,"""三白大笨笨^*""",2,2
"""月下莲爱大家""",1362156958,"""岚诺""",13,3
"""QAQ未闻花名""",1359915370,"""最帅最欧""",3,4
"""装兔子的冰箱""",1346438114,"""泠泠A""",5,5
"""各位大爷早点出刀吧""",1345156532,"""苏月曦^""",6,6
"""魔灵学院""",1341544490,"""小百灵 i乄""",10,7
"""寻梦""",1336802846,"""我是骗子王""",12,8
"""lucky star""",1336784819,"""红茶""",9,9
"""咸鱼湾""",1334223911,"""川澄舞""",7,10
"""希望之花""",1332352232,"""麦克吉利斯""",8,11
"""星月晓颜""",1315488809,"""光月紫""",19,12
"""猫猫连结""",1309220858,"""流炫（招人看简介）""",14,13
"""QAQ梦与魔法的乐园""",1302289091,"""梦天真""",18,14
"""QAQ品红色的照相馆""",1299124046,"""A爱穿Lolita""",15,15
"""宫商角徵羽""",1296771677,"""绫濑夕映""",20,16
"""灬欧洲兔兔连萌灬""",1284901019,"""兔兔灬狐狸贴贴""",17,17
"""观潮阁""",1283024309,"""贤狼赫萝""",16,18
"""柚子厨交流协会""",1269533290,"""诺诺""",24,19
"""雅座 君悦君兮君不知""",1254824422,"""缘氵浅唱灬四叶""",21,20
"""QAQ司姬协会""",1242404972,"""芈夜""",22,21
"""珈珈的快乐农场""",1241589652,"""珈百璃""",27,22
"""洗浴中心""",1227772542,"""朔月^ 乄""",32,23
"""QAQ萌国联邦""",1214991570,"""~利姆露~i 乄""",23,24
"""圣衡骑士团""",1204703300,"""PAL.星菓i""",37,25
"""圣威院（10点下班）""",1204469788,"""是辉夜哦~ """,30,26
"""西红柿炒鸡蛋""",1196241858,"""先知""",31,27
"""万年传承幻想乡""",1195230900,"""蓝天""",29,28
"""瑶光""",1191264132,"""芥荨""",33,29
"""公主近卫团""",1178425209,"""叮咚丶""",28,30
"""彼岸花曼珠沙华""",1176652569,"""红茶我的最爱丶i""",36,31
"""喵喵连结（猫猫二会）""",1175149194,"""wk""",47,32
"""咕噜灵波转一圈~""",1173690180,"""yuki""",26,33
"""加把劲骑士团""",1166923107,"""情姐拿走了我最后的井""",35,34
"""炼铜术士聚集地""",1159030335,"""奥修 t""",42,35
"""会长急救中心""",1142825325,"""三三""",44,36
"""QAQ盛夏泳装会""",1141697112,"""慕名而来～""",61,37
"""绫绫""",1140520392,"""田心田乄""",45,38
"""流光雾中萤""",1137103007,"""见切FHi t""",38,39
"""红魔馆""",1126371592,"""驱纹戒斗""",51,40
"""再起步""",1124762735,"""神王-坦戈-晓""",52,41
"""简简单单最真""",1123236230,"""青山七海""",43,42
"""星城""",1115853887,"""焊接者""",41,43
"""学园都市""",1111759607,"""王尼矛""",64,44
"""獨行天下""",1103265802,"""腹黑的兔子""",46,45
"""蜗仙居""",1102527695,"""风翎葉i^""",49,46
"""莫得感情的行会""",1102522220,"""天使w魔鬼乄（团）""",39,47
"""幽水雅阁""",1102322347,"""追 梦 达 人^t""",50,48
"""风域""",1099585845,"""魔法少女男妈i""",69,49
"""蜗仙苑50大胜利""",1099071650,"""仔仔""",34,50
"""阵列猫""",1087628232,"""Explosion""",48,51
"""风居住的街道""",1087582242,"""梦~三千""",67,52
"""Re:0""",1082420358,"""dio""",56,53
"""放学后茶会""",1081136794,"""諾蓓兒""",55,54
"""灰与幻想的格林姆迦尔""",1075835868,"""春酒*""",40,55
"""纳萨里克大坟墓""",1068834030,"""^莫莫伽*""",54,56
"""喵喵""",1066790260,"""简自在乄""",80,57
"""真步公主护卫会""",1066614860,"""婷婷抱抱春妈乄""",57,58
"""来点正常出刀活人加群""",1059223302,"""笛羞A吾去拖他依 i""",70,59
"""兰德索尔最强炼铜厂""",1057963506,"""无路赛i^i""",77,60
"""圣剑""",1055775894,"""晗中歌""",68,61
"""幻想次元（收人看简介""",1054615018,"""欧~力给""",73,62
"""凯露酱的小鱼塘""",1052963545,"""ssc""",53,63
"""灬欧洲兔兔集结灬""",1052795947,"""兔兔灬亦九""",58,64
"""樱落""",1048461883,"""寻梦忆 pyq""",126,65
"""Freesia""",1040297542,"""梨衣""",66,66
"""番茄炒蛋家族""",1039659790,"""风中吃西瓜""",62,67
"""风色幻想""",1036322359,"""辉XA""",74,68
"""初音小幸运/招人""",1035537829,"""Zlonix""",65,69
"""梦之阁""",1027766248,"""阳光菇""",144,70
"""观潮分阁""",1027740037,"""誓言""",103,71
"""远东魔术午睡结社之夏""",1027035217,"""中野四叶i*""",72,72
"""幻想乡""",1021875619,"""夜雨春声""",71,73
"""小小牢狱""",1021057105,"""泡泡茶壶t""",78,74
"""圣骑士团""",1018153399,"""PAL.灵魂的救赎""",112,75
"""QAQ清梦星河""",1017474169,"""嗷嗷嗷""",83,76
"""缘念花""",1016108902,"""缘份""",76,77
"""电子厂招人""",1016095321,"""陌路""",60,78
"""泪雨梨花后援团（招人""",1012700887,"""碎钻回刺原路打回乄""",99,79
"""洗浴二会""",1012112545,"""HL丶乄^""",97,80
"""某正义的巴别塔""",1010807434,"""欧皇""",59,81
"""惨遭背刺零零碎碎公会""",1007900590,"""云间空流 *乄 """,88,82
"""美食殿堂""",1002125854,"""玩世不恭""",93,83
"""希希公主幼儿园""",1000401427,"""公主希露薇""",104,84
"""一个小家""",1000062709,"""星净树""",107,85
"""秋之枫叶红""",997671988,"""GoldGunner""",89,86
"""牧野行歌""",997621690,"""逍遥""",111,87
"""皇家巡游""",997319497,"""意如梦""",94,88
"""学生会""",995883037,"""花沫沫(工会招人)""",138,89
"""Darling""",992072470,"""02""",86,90
"""会长今晚女装""",985188882,"""折木奉太郎""",115,91
"""复活社""",984863842,"""骄阳赤妖FH乄""",85,92
"""仓鼠的小窝""",981032282,"""哈罗德""",96,93
"""会长不想催出刀了""",979412910,"""蓝花玥丶""",132,94
"""迷迭迷迭paryi桑""",975523427,"""FLxs风铃星誓 简""",108,95
"""潮鸣""",974573737,"""记星""",133,96
"""榴莲酱同学后援会""",971178117,"""咖啡K""",116,97
"""妖猫之宿""",965726002,"""风之痕""",109,98
"""游戏宅""",965200000,"""小春""",81,99
"""公会之家""",965200000,"""盐酥鸡腿菇i """,90,100
"""早出刀早下班""",965200000,"""阿巴阿巴""",114,101
"""京都养老院""",957882467,"""漪宝""",84,102
"""晨曦""",956932400,"""乔离一乔斯达i""",124,103
"""Kreator""",953515607,"""这么怂也敢来偷伊森""",87,104
"""QAQ茶会""",947842387,"""茶武帝浪越大魔王""",82,105
"""蓝蔷薇""",946197512,"""渔鸢(p场求放过""",275,106
"""贰货乐园""",942535830,"""贰货兔子""",121,107
"""暖暖的铁匠铺""",940477812,"""新任会长鱿鱼大人""",131,108
"""摇曳的理想乡""",935958020,"""水中肥鸭""",150,109
"""洛洛洛我爱薯片哈""",934464228,"""四缕""",136,110
"""琉夏""",931876250,"""犹汐""",101,111
"""python培训班""",931159270,"""维吉尔X""",130,112
"""鱼仔仔""",931081732,"""大懒虫""",102,113
"""三刀出完睡饱饱""",930805672,"""晴天俊朗""",79,114
"""龙宝冲前50招人""",927682432,"""迷路镇的库露宓""",75,115
"""蜗仙宗（蜗仙四会）""",925107642,"""爪巴鱼（黄金矿工）""",123,116
"""82年的拉菲""",923752894,"""芬布尔之冬""",141,117
"""星之愿招人中""",923060044,"""k-on.F""",134,118
"""Spica梦之队""",917068246,"""特别周""",142,119
"""蜗仙斋""",914643104,"""萌萌一号""",63,120
"""久辞""",914414172,"""菌菌""",110,121
"""排百公会招熟练工""",911867888,"""阿波罗""",120,122
"""彼岸茶会之花""",910404308,"""熊猫-""",140,123
"""闲鱼""",909155226,"""乃鱼""",122,124
"""圣盟（招人缺二）""",907327252,"""浪花""",135,125
"""四月你的谎言（招人）""",906318144,"""杰瑞克斯（招人）""",128,126
"""QAQ夜行灯明""",901956628,"""咸鱼肝i""",91,127
"""无忧茶馆""",901399736,"""ashen""",105,128
"""邦邦[sup]甜花组""",896475732,"""快乐断手器""",106,129
"""月球炼铜乐团""",895652252,"""磷叶""",113,130
"""编号9527""",894190798,"""缘之空""",139,131
"""收人收人""",887580446,"""*行会收人*""",95,132
"""下期吃螃蟹""",886286400,"""雪蓝星pjjc在群""",153,133
"""咕咕咕之家""",880607462,"""物述""",127,134
"""神之领域""",879316064,"""骑士君乄""",137,135
"""寻芳阁""",869632361,"""会气t（在双群）""",98,136
"""公主的顶点""",868457855,"""本亚""",100,137
"""星月桃雨""",862875148,"""星雨""",176,138
"""天井""",862154824,"""老子才是真佑树""",151,139
"""圣骑士二团""",860850805,"""PAL.毛裤""",125,140
"""hxd一起冲""",856995488,"""a8""",92,141
"""平行天堂""",855587740,"""井出来了......""",119,142
"""天园""",853730608,"""小小公子""",118,143
"""猎牛人家族""",849309448,"""宇九黎""",149,144
"""小枫树""",841506581,"""Tine""",147,145
"""虚印证章""",839243090,"""黑本琦夜""",143,146
"""地狱之歌""",835207472,"""莉莉安娜""",167,147
"""格雷姆林魔法结社""",830970625,"""sky""",145,148
"""NEKOPALA""",828935924,"""夜羽真白""",152,149
"""一肚子坏水""",825543388,"""Daya（公会招人）""",117,150
"""七冠""",822213563,"""柊镜X^""",160,151
"""会长住院中""",807356006,"""（行会招大佬）""",171,152
"""泠鸢尾几度花""",803544568,"""冰小蓝""",129,153
"""连结同盟会yyds""",794297946,"""梦境""",148,154
"""angel""",787710702,"""波动你心""",178,155
"""猫猫头""",780934822,"""良佘""",146,156
"""佩可莉姆应援团""",776310124,"""艾丝华伦斯坦""",159,157
"""兰德索尔之翼""",771340113,"""朽木冬子""",166,158
"""超大的芝士力量""",762047068,"""病入高黄""",168,159
"""欧皇（会战刀刀烈火）""",755973324,"""亚丝娜""",157,160
"""历代传说被猪拱""",751554567,"""我是猪（看简介）""",163,161
"""纳萨力克大坟墓""",750340066,"""兔兔那么可爱""",156,162
"""妄想症（养老招人）""",747761735,"""鹿畔""",170,163
"""异域骑士团""",732264227,"""迪亚布罗""",155,164
"""凯露农场""",714525125,"""迷雾精灵""",158,165
"""护天的圣枪""",713929120,"""坐怀不乱骑士君""",263,166
"""天涯明月""",704848168,"""明月-寒竹""",169,167
"""塔罗会（招人）""",698822626,"""愚者""",161,168
"""天启前150会长女装""",696992490,"""雪""",182,169
"""Naruto""",695642402,"""Hinata""",165,170
"""小鱼塘QAQ""",695264168,"""向者夕阳""",189,171
"""兰德索尔图书馆""",675793922,"""好好先生""",197,172
"""Euphoria""",671784927,"""四季夏目""",172,173
"""结萌社(招新）""",669595050,"""塔其米""",164,174
"""绯色月下""",666792600,"""徐云归""",243,175
"""客官请留步""",658633464,"""极乐净土""",175,176
"""星辰阁""",656475286,"""小雨""",177,177
"""星灯清火""",651794613,"""涩体源流""",179,178
"""萝莉培育研究基地""",651038976,"""十六夜云天泪""",180,179
"""欧盟""",650684848,"""一脸茫然""",193,180
"""纸片人老婆""",648717993,"""筱""",185,181
"""银狼""",645643248,"""昔曰A""",191,182
"""耗子的后宫""",629220897,"""耗子""",200,183
"""神魂灵域""",628789264,"""我很乖巧的呢""",174,184
"""香雪兰@传说""",626197425,"""劲风~天狗风""",186,185
"""梦幻""",611575520,"""都给老子滚""",220,186
"""嘤灵殿""",611367842,"""六花的勇太""",207,187
"""放养行会""",610533226,"""后宫众多的现充骑士""",184,188
"""梵高花语""",608630862,"""罗辑:二百工会招战友""",209,189
"""千灯观""",602539812,"""凉月""",187,190
"""EVA""",597581404,"""小狼""",241,191
"""养老基地""",597204660,"""诺基拉""",204,192
"""花开伊吕波""",594982018,"""咸鱼""",192,193
"""QAQ巴别塔攻略组""",592073432,"""绝对零度""",190,194
"""东方幻想乡""",590765670,"""热爱党永远跟党走""",235,195
"""白金""",590558990,"""三玖""",173,196
"""300内行会招常在线""",584952682,"""稳定出三刀""",218,197
"""修仙姬""",583191354,"""111我也住""",194,198
"""软饭硬吃交流会""",583126764,"""锦时安年""",293,199
"""碧萝会""",577681610,"""欧洲猫好牛逼""",212,200
