"""同萌协会up""",634200000,"""蓝蓝蓝^ 乄""",1,1
"""伞兵三白""",626151727,"""三白大笨笨^*""",2,2
"""月下莲爱大家""",622659895,"""岚诺""",13,3
"""各位大爷早点出刀吧""",617336035,"""苏月曦^""",6,4
"""QAQ未闻花名""",616917959,"""最帅最欧""",3,5
"""寻梦""",616180440,"""我是骗子王""",12,6
"""咸鱼湾""",615128848,"""川澄舞""",7,7
"""装兔子的冰箱""",613910024,"""泠泠A""",5,8
"""lucky star""",609589692,"""红茶""",9,9
"""魔灵学院""",609531082,"""小百灵 i乄""",10,10
"""希望之花""",599213932,"""麦克吉利斯""",8,11
"""星月晓颜""",599211038,"""光月紫""",19,12
"""宫商角徵羽""",595331222,"""绫濑夕映""",20,13
"""猫猫连结""",595171096,"""流炫（招人看简介）""",14,14
"""QAQ梦与魔法的乐园""",593293060,"""梦天真""",18,15
"""观潮阁""",585580048,"""贤狼赫萝""",16,16
"""QAQ品红色的照相馆""",585452290,"""A爱穿Lolita""",15,17
"""灬欧洲兔兔连萌灬""",583713438,"""兔兔灬狐狸贴贴""",17,18
"""爱酱保护协会""",582219166,"""珈百璃""",27,19
"""QAQ司姬协会""",576065812,"""芈夜""",22,20
"""雅座 君悦君兮君不知""",575249938,"""缘氵浅唱灬四叶""",21,21
"""柚子厨交流协会""",570403886,"""诺诺""",24,22
"""QAQ萌国联邦""",560504732,"""~利姆露~i 乄""",23,23
"""西红柿炒鸡蛋""",556047603,"""先知""",31,24
"""洗浴中心""",554904117,"""朔月^ 乄""",32,25
"""圣威院（10点下班）""",554571790,"""是辉夜哦~ """,30,26
"""圣衡骑士团""",554364594,"""PAL.星菓i""",37,27
"""瑶光""",550737792,"""芥荨""",33,28
"""万年传承幻想乡""",549527445,"""蓝天""",29,29
"""咕噜灵波转一圈~""",543587479,"""yuki""",26,30
"""彼岸花曼珠沙华""",541053202,"""红茶我的最爱丶i""",36,31
"""公主近卫团""",540611757,"""叮咚丶""",28,32
"""喵喵连结（猫猫二会）""",539136873,"""wk""",47,33
"""加把劲骑士团""",536431023,"""情姐拿走了我最后的井""",35,34
"""炼铜术士聚集地""",535447042,"""奥修 t""",42,35
"""QAQ盛夏泳装会""",527013576,"""慕名而来～""",61,36
"""绫绫""",524016161,"""田心田乄""",45,37
"""会长急救中心""",522969648,"""三三""",44,38
"""流光雾中萤""",522534745,"""见切FHi t""",38,39
"""獨行天下""",522174612,"""腹黑的兔子""",46,40
"""再起步""",521796688,"""神王-坦戈-晓""",52,41
"""红魔馆""",518899559,"""驱纹戒斗""",51,42
"""学园都市""",517072994,"""王尼矛""",64,43
"""简简单单最真""",516879935,"""青山七海""",43,44
"""星城""",516308696,"""焊接者""",41,45
"""放学后茶会""",513932800,"""諾蓓兒""",55,46
"""幽水雅阁""",513851342,"""追 梦 达 人^t""",50,47
"""蜗仙居""",512804238,"""风翎葉i^""",49,48
"""圣剑""",512433184,"""晗中歌""",68,49
"""阵列猫""",510966658,"""Explosion""",48,50
"""风居住的街道""",510537790,"""梦~三千""",67,51
"""Re:0""",509821508,"""dio""",56,52
"""樱落""",507569612,"""寻梦忆 pyq""",126,53
"""纳萨里克大坟墓""",507254750,"""^莫莫伽*""",54,54
"""远东魔术午睡结社之夏""",507150210,"""中野四叶i*""",72,55
"""蜗仙苑50大胜利""",507015968,"""仔仔""",34,56
"""灰与幻想的格林姆迦尔""",506437420,"""春酒*""",40,57
"""莫得感情的行会""",504758150,"""天使w魔鬼乄（团）""",39,58
"""秋之枫叶红""",502288638,"""GoldGunner""",89,59
"""真步公主护卫会""",502197006,"""婷婷抱抱春妈乄""",57,60
"""幻想次元（收人看简介""",501963360,"""欧~力给""",73,61
"""QAQ清梦星河""",499420086,"""嗷嗷嗷""",83,62
"""来点正常出刀活人加群""",499358330,"""笛羞A吾去拖他依 i""",70,63
"""幻想乡""",498886516,"""夜雨春声""",71,64
"""风域""",496379892,"""魔法少女男妈i""",69,65
"""圣骑士团""",494691502,"""PAL.灵魂的救赎""",112,66
"""兰德索尔最强炼铜厂""",494587058,"""无路赛i^i""",77,67
"""喵喵""",494385904,"""简自在乄""",80,68
"""灬欧洲兔兔集结灬""",493851584,"""兔兔灬亦九""",58,69
"""电子厂招人""",492385980,"""陌路""",60,70
"""观潮分阁""",491878666,"""誓言""",103,71
"""初音小幸运/招人""",491843014,"""Zlonix""",65,72
"""缘念花""",491539044,"""缘份""",76,73
"""番茄炒蛋家族""",487958820,"""风中吃西瓜""",62,74
"""洗浴二会""",486455586,"""HL丶乄^""",97,75
"""风色幻想""",485534576,"""辉XA""",74,76
"""某正义的巴别塔""",483878210,"""欧皇""",59,77
"""美食殿堂""",482123980,"""玩世不恭""",93,78
"""Darling""",480956796,"""02""",86,79
"""潮鸣""",478600444,"""记星""",133,80
"""樱花树""",476939582,"""咸鱼  """,132,81
"""梦之阁""",475879086,"""阳光菇""",144,82
"""星之愿招人中""",475512710,"""k-on.F""",134,83
"""京都养老院""",475400000,"""漪宝""",84,84
"""希希公主幼儿园""",475400000,"""公主希露薇""",104,85
"""皇家巡游""",475289717,"""意如梦""",94,86
"""Freesia""",474034309,"""梨衣""",66,87
"""迷迭迷迭paryi桑""",473838044,"""FLxs风铃星誓 简""",108,88
"""泪雨梨花后援团（招人""",473016245,"""碎钻回刺原路打回乄""",99,89
"""凯露酱的小鱼塘""",470359611,"""ssc""",53,90
"""一个小家""",470196155,"""星净树""",107,91
"""小小牢狱""",468682277,"""泡泡茶壶t""",78,92
"""惨遭背刺零零碎碎公会""",468661160,"""云间空流 *乄 """,88,93
"""复活社""",468602177,"""骄阳赤妖FH乄""",85,94
"""公会之家""",468188001,"""盐酥鸡腿菇i """,90,95
"""python培训班""",467967710,"""维吉尔X""",130,96
"""摇曳的理想乡""",467050338,"""水中肥鸭""",150,97
"""三刀出完睡饱饱""",466737860,"""晴天俊朗""",79,98
"""妖猫之宿""",466718961,"""风之痕""",109,99
"""榴莲酱同学后援会""",464419773,"""咖啡K""",116,100
"""游戏宅""",464196659,"""小春""",81,101
"""仓鼠的小窝""",464096039,"""哈罗德""",96,102
"""早出刀早下班""",462486999,"""阿巴阿巴""",114,103
"""QAQ茶会""",460121547,"""茶武帝浪越大魔王""",82,104
"""学生会""",458576863,"""花沫沫(工会招人)""",138,105
"""蜗仙宗（蜗仙四会）""",458207973,"""爪巴鱼（黄金矿工）""",123,106
"""牧野行歌""",456015274,"""逍遥""",111,107
"""贰货乐园""",454250167,"""贰货兔子""",121,108
"""暖暖的铁匠铺""",452263305,"""新任会长鱿鱼大人""",131,109
"""会长今晚女装""",451931576,"""折木奉太郎""",115,110
"""Kreator""",450118546,"""这么怂也敢来偷伊森""",87,111
"""鱼仔仔""",447611702,"""大懒虫""",102,112
"""晨曦""",446721181,"""乔离一乔斯达i""",124,113
"""久辞""",442812254,"""菌菌""",110,114
"""蓝蔷薇""",442072375,"""渔鸢(p场求放过""",275,115
"""彼岸茶会之花""",441965905,"""熊猫-""",140,116
"""龙宝冲前50招人""",440040497,"""迷路镇的库露宓""",75,117
"""Spica梦之队""",439480784,"""特别周（帅）""",142,118
"""82年的拉菲""",438708031,"""芬布尔之冬""",141,119
"""琉夏""",437081537,"""犹汐""",101,120
"""排百公会招熟练工""",436194252,"""阿波罗""",120,121
"""蜗仙斋""",436011194,"""萌萌一号""",63,122
"""圣盟（招人缺二）""",435587057,"""浪花""",135,123
"""四月你的谎言（招人）""",435255535,"""杰瑞克斯（招人）""",128,124
"""邦邦[sup]甜花组""",431775709,"""快乐断手器""",106,125
"""闲鱼""",431206245,"""乃鱼""",122,126
"""洛洛洛我爱薯片哈""",430836917,"""四缕""",136,127
"""编号9527""",429210685,"""缘之空""",139,128
"""无忧茶馆""",424535118,"""ashen""",105,129
"""QAQ夜行灯明""",424096602,"""咸鱼肝i""",91,130
"""星月桃雨""",422757269,"""星雨""",176,131
"""下期吃螃蟹""",421250945,"""雪蓝星pjjc在群""",153,132
"""咕咕咕之家""",419185043,"""物述""",127,133
"""公主的顶点""",417678297,"""本亚""",100,134
"""七冠""",416978932,"""柊镜X^""",160,135
"""神之领域""",416450707,"""骑士君乄""",137,136
"""圣骑士二团""",416440454,"""PAL.毛裤""",125,137
"""寻芳阁""",414817250,"""会气（团）（在双群）""",98,138
"""收人收人""",412323442,"""*行会收人*""",95,139
"""平行天堂""",411387226,"""井出来了......""",119,140
"""天园""",411364564,"""小小公子""",118,141
"""hxd一起冲""",407269082,"""a8""",92,142
"""小枫树""",404987896,"""Tine""",147,143
"""地狱之歌""",403181796,"""莉莉安娜""",167,144
"""天井""",398112294,"""老子才是真佑树""",151,145
"""连结同盟会yyds""",396926330,"""梦境""",148,146
"""NEKOPALA""",396864266,"""夜羽真白""",152,147
"""会长住院中""",393813958,"""（行会招大佬）""",171,148
"""格雷姆林魔法结社""",390508614,"""sky""",145,149
"""一肚子坏水""",388346588,"""Daya（公会招人）""",117,150
"""泠鸢尾几度花""",387241078,"""冰小蓝""",129,151
"""猎牛人家族""",384811794,"""宇九黎""",149,152
"""月球炼铜乐团""",384040052,"""磷叶""",113,153
"""虚印证章""",376476616,"""黑本琦夜""",143,154
"""欧皇（会战刀刀烈火）""",373675003,"""亚丝娜""",157,155
"""angel""",371010326,"""波动你心""",178,156
"""历代传说被猪拱""",367495281,"""我是猪（看简介）""",163,157
"""佩可莉姆应援团""",364630424,"""艾丝华伦斯坦""",159,158
"""妄想症（养老招人）""",362141888,"""鹿畔""",170,159
"""兰德索尔之翼""",360988169,"""朽木冬子""",166,160
"""猫猫头""",358233809,"""良佘""",146,161
"""超大的芝士力量""",356910289,"""病入高黄""",168,162
"""异域骑士团""",354025078,"""迪亚布罗""",155,163
"""天涯明月""",347932976,"""明月-寒竹""",169,164
"""护天的圣枪""",343578171,"""坐怀不乱骑士君""",263,165
"""纳萨力克大坟墓""",343349560,"""兔兔那么可爱""",156,166
"""兰德索尔图书馆""",337897936,"""好好先生""",197,167
"""凯露农场""",333092686,"""迷雾精灵""",158,168
"""塔罗会（招人）""",332006947,"""愚者""",161,169
"""天启前150会长女装""",330319275,"""雪""",182,170
"""小鱼塘QAQ""",328128689,"""向者夕阳""",189,171
"""星灯清火""",322621114,"""涩体源流""",179,172
"""Naruto""",321757743,"""Hinata""",165,173
"""星辰阁""",317220245,"""小雨""",177,174
"""绯色月下""",316697692,"""徐云归""",243,175
"""放养行会""",316670382,"""后宫众多的现充骑士""",184,176
"""客官请留步""",313222724,"""极乐净土""",175,177
"""结萌社(招新）""",311796412,"""塔其米""",164,178
"""神魂灵域""",310847194,"""我很乖巧的呢""",174,179
"""萝莉培育研究基地""",310048076,"""十六夜云天泪""",180,180
"""Euphoria""",308094114,"""四季夏目""",172,181
"""耗子的后宫""",304081606,"""耗子""",200,182
"""梦幻""",300375272,"""都给老子滚""",220,183
"""纸片人老婆""",298889336,"""筱""",185,184
"""QAQ忘生流鸣""",297805418,"""穹""",219,185
"""嘤灵殿""",295823728,"""六花的勇太""",207,186
"""碧萝会""",295821240,"""欧洲猫好牛逼""",212,187
"""香雪兰@传说""",294104312,"""劲风~天狗风""",186,188
"""300内行会招常在线""",292843966,"""稳定出三刀""",218,189
"""欧盟""",291228326,"""一脸茫然""",193,190
"""银狼""",290915164,"""昔曰A""",191,191
"""名人堂（还要招4人）""",286794236,"""古守家今天的饭""",196,192
"""梵高花语""",283310038,"""罗辑:二百工会招战友""",209,193
"""QAQ巴别塔攻略组""",283187048,"""绝对零度""",190,194
"""千灯观""",280140154,"""凉月""",187,195
"""东方幻想乡""",279628940,"""热爱党永远跟党走""",235,196
"""养老基地""",279192948,"""诺基拉""",204,197
"""龙樱御林翼""",278649360,"""宇佐见 捷""",237,198
"""软饭硬吃交流会""",277522810,"""锦时安年""",293,199
"""修仙姬""",277000000,"""111我也住""",194,200
